{"collectionAllTravellers":[["main.YoungTraveller",{"name":"Button Traveller","visit":null,"phone":2101234567,"terms_vector":[3,1,3,1,1,1,1,1,1,1],"geodesic_vector":[50.0,50.0],"similarity":0.2973990796303742,"timestamp":1621509092426}],["main.MiddleTraveller",{"name":"Dimitris Ga","visit":null,"phone":691234567,"terms_vector":[12,19,19,21,13,23,23,1,12,4],"geodesic_vector":[45.464664,9.18854],"similarity":0.5873874749695889,"timestamp":1620826090398}],["main.ElderTraveller",{"name":"Elder Mouse Traveller","visit":null,"phone":65421465,"terms_vector":[6,7,10,7,6,4,5,5,2,6],"geodesic_vector":[121.597366,25.105497],"similarity":0.3948322007355376,"timestamp":1621590061651}],["main.ElderTraveller",{"name":"Elder Mouse Traveller","visit":null,"phone":65421465,"terms_vector":[6,7,10,7,6,4,5,5,2,6],"geodesic_vector":[121.597366,25.105497],"similarity":0.3948322007355376,"timestamp":1621593458496}],["main.MiddleTraveller",{"name":"Gojo","visit":null,"phone":691234567,"terms_vector":[22,9,8,6,9,22,30,7,9,4],"geodesic_vector":[135.768326,35.011665],"similarity":0.3693044643318265,"timestamp":1619431287228}],["main.YoungTraveller",{"name":"Itadori","visit":null,"phone":456,"terms_vector":[2,18,16,20,23,30,8,14,25,20],"geodesic_vector":[139.839478,35.652832],"similarity":0.26647970370087193,"timestamp":1619358215113}],["main.YoungTraveller",{"name":"John Zozipoulos","visit":null,"phone":123,"terms_vector":[0,27,41,4,1,3,0,6,15,11],"geodesic_vector":[52.5244,13.4105],"similarity":0.38499222399090444,"timestamp":1619351165570}],["main.YoungTraveller",{"name":"John Zozipoulos","visit":null,"phone":123,"terms_vector":[0,27,41,4,1,3,0,6,15,11],"geodesic_vector":[52.5244,13.4105],"similarity":0.38499222399090444,"timestamp":1621593458496}],["main.YoungTraveller",{"name":"John Zozipoulos","visit":null,"phone":123,"terms_vector":[0,27,41,4,1,3,0,6,15,11],"geodesic_vector":[52.5244,13.4105],"similarity":0.38499222399090444,"timestamp":1621593681364}],["main.ElderTraveller",{"name":"Kostas Papa","visit":null,"phone":694564564,"terms_vector":[13,30,16,12,18,12,15,27,28,0],"geodesic_vector":[52.5244,13.4105],"similarity":0.5430588502165872,"timestamp":1619616378148}],["main.MiddleTraveller",{"name":"Middle Button Trav","visit":null,"phone":1234567899,"terms_vector":[1,1,1,1,1,1,1,1,1,1],"geodesic_vector":[12.0,62.0],"similarity":0.5067347149792534,"timestamp":1621509660562}],["main.YoungTraveller",{"name":"test","visit":null,"phone":123,"terms_vector":[6,16,23,11,6,15,17,6,29,9],"geodesic_vector":[23.727539,37.98381],"similarity":0.4140382263177506,"timestamp":0}],["main.YoungTraveller",{"name":"Button Traveller","visit":null,"phone":2101234567,"terms_vector":[3,1,3,1,1,1,1,1,1,1],"geodesic_vector":[50.0,50.0],"similarity":0.0,"timestamp":1621593872873}]]}