{"collectionAllTravellers":[["main.YoungTraveller",{"name":"Button Traveller","visit":"New+York","phone":2101234567,"terms_vector":[3,1,3,1,1,1,1,1,1,1],"geodesic_vector":[50.0,50.0],"similarity":0.2973990796303742,"timestamp":1621509092426}],["main.MiddleTraveller",{"name":"Dimitris Ga","visit":"Paris","phone":691234567,"terms_vector":[12,19,19,21,13,23,23,1,12,4],"geodesic_vector":[45.464664,9.18854],"similarity":0.5873874749695889,"timestamp":1620826090398}],["main.MiddleTraveller",{"name":"Dimitris Ga","visit":null,"phone":691234567,"terms_vector":[12,19,19,21,13,23,23,1,12,4],"geodesic_vector":[45.464664,9.18854],"similarity":0.5873874749695889,"timestamp":1622740543634}],["main.MiddleTraveller",{"name":"Dimitris Ga","visit":null,"phone":691234567,"terms_vector":[12,19,19,21,13,23,23,1,12,4],"geodesic_vector":[45.464664,9.18854],"similarity":0.5873874749695889,"timestamp":1623326204875}],["main.ElderTraveller",{"name":"Does my Thread work?","visit":"Munich","phone":123,"terms_vector":[4,3,1,6,6,1,8,1,1,7],"geodesic_vector":[77.0,111.0],"similarity":0.37356351700908175,"timestamp":1622625177730}],["main.ElderTraveller",{"name":"Elder Mouse Traveller","visit":"London","phone":65421465,"terms_vector":[6,7,10,7,6,4,5,5,2,6],"geodesic_vector":[121.597366,25.105497],"similarity":0.3948322007355376,"timestamp":1621590061651}],["main.MiddleTraveller",{"name":"Gojo","visit":"Athens","phone":691234567,"terms_vector":[22,9,8,6,9,22,30,7,9,4],"geodesic_vector":[135.768326,35.011665],"similarity":0.3693044643318265,"timestamp":1619431287228}],["main.MiddleTraveller",{"name":"Gojo","visit":null,"phone":691234567,"terms_vector":[22,9,8,6,9,22,30,7,9,4],"geodesic_vector":[135.768326,35.011665],"similarity":0.3693044643318265,"timestamp":1622740543634}],["main.MiddleTraveller",{"name":"I'm a test","visit":"Berlin","phone":34234,"terms_vector":[1,1,1,1,1,1,1,1,1,1],"geodesic_vector":[0.0,0.0],"similarity":0.860222256527021,"timestamp":1622016064375}],["main.YoungTraveller",{"name":"Itadori","visit":"Athens","phone":456,"terms_vector":[2,18,16,20,23,30,8,14,25,20],"geodesic_vector":[139.839478,35.652832],"similarity":0.26647970370087193,"timestamp":1619358215113}],["main.YoungTraveller",{"name":"John Zozipoulos","visit":"Tokyo","phone":123,"terms_vector":[0,27,41,4,1,3,0,6,15,11],"geodesic_vector":[52.5244,13.4105],"similarity":0.38499222399090444,"timestamp":1619351165570}],["main.YoungTraveller",{"name":"John Zozipoulos","visit":null,"phone":123,"terms_vector":[0,27,41,4,1,3,0,6,15,11],"geodesic_vector":[52.5244,13.4105],"similarity":0.38499222399090444,"timestamp":1622740253731}],["main.YoungTraveller",{"name":"John Zozipoulos","visit":null,"phone":123,"terms_vector":[0,27,41,4,1,3,0,6,15,11],"geodesic_vector":[52.5244,13.4105],"similarity":0.38499222399090444,"timestamp":1623322914969}],["main.ElderTraveller",{"name":"Kostas Papa","visit":"Tokyo","phone":694564564,"terms_vector":[13,30,16,12,18,12,15,27,28,0],"geodesic_vector":[52.5244,13.4105],"similarity":0.5430588502165872,"timestamp":1619616378148}],["main.ElderTraveller",{"name":"Kostas Papa","visit":null,"phone":694564564,"terms_vector":[13,30,16,12,18,12,15,27,28,0],"geodesic_vector":[52.5244,13.4105],"similarity":0.5430588502165872,"timestamp":1622740543634}],["main.MiddleTraveller",{"name":"Load Traveller","visit":"Amsterdam","phone":1,"terms_vector":[3,1,4,6,8,2,2,10,5,2],"geodesic_vector":[11.25,43.7667],"similarity":0.5533421387934261,"timestamp":1621855323747}],["main.MiddleTraveller",{"name":"Middle Button Trav","visit":"New+York","phone":1234567899,"terms_vector":[1,1,1,1,1,1,1,1,1,1],"geodesic_vector":[12.0,62.0],"similarity":0.5067347149792534,"timestamp":1621509660562}],["main.YoungTraveller",{"name":"test","visit":"Berlin","phone":123,"terms_vector":[6,16,23,11,6,15,17,6,29,9],"geodesic_vector":[23.727539,37.98381],"similarity":0.4140382263177506,"timestamp":0}],["main.MiddleTraveller",{"name":"test load2","visit":"Berlin","phone":123,"terms_vector":[1,1,1,1,1,1,1,1,1,1],"geodesic_vector":[5.0,5.0],"similarity":0.8082070695270636,"timestamp":1621855821945}]]}