{"collectionAllTravellers":[["main.YoungTraveller",{"name":"John Zozipoulos","visit":null,"phone":123,"terms_vector":[0,27,41,4,1,3,0,6,15,11],"geodesic_vector":[52.5244,13.4105],"similarity":0.25446706198768865,"timestamp":1619351165570}],["main.YoungTraveller",{"name":"test","visit":null,"phone":123,"terms_vector":[6,16,23,11,6,15,17,6,29,9],"geodesic_vector":[23.727539,37.98381],"similarity":0.2736054989344506,"timestamp":0}],["main.YoungTraveller",{"name":"Itadori","visit":null,"phone":456,"terms_vector":[2,18,16,20,23,30,8,14,25,20],"geodesic_vector":[139.839478,35.652832],"similarity":0.0,"timestamp":1619358215113}]]}